id,year,round,teamWinner,teamIDWinner,lgWinner,teamLoser,teamIDLoser,lgLoser,wins,losses,ties,createdAt,updatedAt
1,1884,WS,PRO,1884PRO,NL,NY4,1884NY4,AA,3,0,0,,
2,1885,WS,CHN,1885CHN,NL,SL4,1885SL4,AA,3,3,1,,
3,1886,WS,SL4,1886SL4,AA,CHN,1886CHN,NL,4,2,0,,
4,1887,WS,DTN,1887DTN,NL,SL4,1887SL4,AA,10,5,0,,
5,1888,WS,NY1,1888NY1,NL,SL4,1888SL4,AA,6,4,0,,
6,1889,WS,NY1,1889NY1,NL,BR3,1889BR3,AA,6,3,0,,
7,1890,WS,BRO,1890BRO,NL,LS2,1890LS2,AA,3,3,1,,
8,1892,CS,BSN,1892BSN,NL,CL4,1892CL4,NL,5,0,1,,
9,1903,WS,BOS,1903BOS,AL,PIT,1903PIT,NL,5,3,0,,
10,1905,WS,NY1,1905NY1,NL,PHA,1905PHA,AL,4,1,0,,
11,1906,WS,CHA,1906CHA,AL,CHN,1906CHN,NL,4,2,0,,
12,1907,WS,CHN,1907CHN,NL,DET,1907DET,AL,4,0,0,,
13,1908,WS,CHN,1908CHN,NL,DET,1908DET,AL,4,1,0,,
14,1909,WS,PIT,1909PIT,NL,DET,1909DET,AL,4,3,0,,
15,1910,WS,PHA,1910PHA,AL,CHN,1910CHN,NL,4,1,0,,
16,1911,WS,PHA,1911PHA,AL,NY1,1911NY1,NL,4,2,0,,
17,1912,WS,BOS,1912BOS,AL,NY1,1912NY1,NL,4,3,0,,
18,1913,WS,PHA,1913PHA,AL,NY1,1913NY1,NL,4,1,0,,
19,1914,WS,BSN,1914BSN,NL,PHA,1914PHA,AL,4,0,0,,
20,1915,WS,BOS,1915BOS,AL,PHI,1915PHI,NL,4,1,0,,
21,1916,WS,BOS,1916BOS,AL,BRO,1916BRO,NL,4,1,0,,
22,1917,WS,CHA,1917CHA,AL,NY1,1917NY1,NL,4,2,0,,
23,1918,WS,BOS,1918BOS,AL,CHN,1918CHN,NL,4,2,0,,
24,1919,WS,CIN,1919CIN,NL,CHA,1919CHA,AL,5,3,0,,
25,1920,WS,CLE,1920CLE,AL,BRO,1920BRO,NL,5,2,0,,
26,1921,WS,NY1,1921NY1,NL,NYA,1921NYA,AL,5,3,0,,
27,1922,WS,NY1,1922NY1,NL,NYA,1922NYA,AL,4,0,0,,
28,1923,WS,NYA,1923NYA,AL,NY1,1923NY1,NL,4,2,0,,
29,1924,WS,WS1,1924WS1,AL,NY1,1924NY1,NL,4,3,0,,
30,1925,WS,PIT,1925PIT,NL,WS1,1925WS1,AL,4,3,0,,
31,1926,WS,SLN,1926SLN,NL,NYA,1926NYA,AL,4,3,0,,
32,1927,WS,NYA,1927NYA,AL,PIT,1927PIT,NL,4,0,0,,
33,1928,WS,NYA,1928NYA,AL,SLN,1928SLN,NL,4,0,0,,
34,1929,WS,PHA,1929PHA,AL,CHN,1929CHN,NL,4,1,0,,
35,1930,WS,PHA,1930PHA,AL,SLN,1930SLN,NL,4,2,0,,
36,1931,WS,SLN,1931SLN,NL,PHA,1931PHA,AL,4,3,0,,
37,1932,WS,NYA,1932NYA,AL,CHN,1932CHN,NL,4,0,0,,
38,1933,WS,NY1,1933NY1,NL,WS1,1933WS1,AL,4,1,0,,
39,1934,WS,SLN,1934SLN,NL,DET,1934DET,AL,4,3,0,,
40,1935,WS,DET,1935DET,AL,CHN,1935CHN,NL,4,2,0,,
41,1936,WS,NYA,1936NYA,AL,NY1,1936NY1,NL,4,2,0,,
42,1937,WS,NYA,1937NYA,AL,NY1,1937NY1,NL,4,1,0,,
43,1938,WS,NYA,1938NYA,AL,CHN,1938CHN,NL,4,0,0,,
44,1939,WS,NYA,1939NYA,AL,CIN,1939CIN,NL,4,0,0,,
45,1940,WS,CIN,1940CIN,NL,DET,1940DET,AL,4,3,0,,
46,1941,WS,NYA,1941NYA,AL,BRO,1941BRO,NL,4,1,0,,
47,1942,WS,SLN,1942SLN,NL,NYA,1942NYA,AL,4,1,0,,
48,1943,WS,NYA,1943NYA,AL,SLN,1943SLN,NL,4,1,0,,
49,1944,WS,SLN,1944SLN,NL,SLA,1944SLA,AL,4,2,0,,
50,1945,WS,DET,1945DET,AL,CHN,1945CHN,NL,4,3,0,,
51,1946,WS,SLN,1946SLN,NL,BOS,1946BOS,AL,4,3,0,,
52,1947,WS,NYA,1947NYA,AL,BRO,1947BRO,NL,4,3,0,,
53,1948,WS,CLE,1948CLE,AL,BSN,1948BSN,NL,4,2,0,,
54,1949,WS,NYA,1949NYA,AL,BRO,1949BRO,NL,4,1,0,,
55,1950,WS,NYA,1950NYA,AL,PHI,1950PHI,NL,4,0,0,,
56,1951,WS,NYA,1951NYA,AL,NY1,1951NY1,NL,4,2,0,,
57,1952,WS,NYA,1952NYA,AL,BRO,1952BRO,NL,4,3,0,,
58,1953,WS,NYA,1953NYA,AL,BRO,1953BRO,NL,4,2,0,,
59,1954,WS,NY1,1954NY1,NL,CLE,1954CLE,AL,4,0,0,,
60,1955,WS,BRO,1955BRO,NL,NYA,1955NYA,AL,4,3,0,,
61,1956,WS,NYA,1956NYA,AL,BRO,1956BRO,NL,4,3,0,,
62,1957,WS,ML1,1957ML1,NL,NYA,1957NYA,AL,4,3,0,,
63,1958,WS,NYA,1958NYA,AL,ML1,1958ML1,NL,4,3,0,,
64,1959,WS,LAN,1959LAN,NL,CHA,1959CHA,AL,4,2,0,,
65,1960,WS,PIT,1960PIT,NL,NYA,1960NYA,AL,4,3,0,,
66,1961,WS,NYA,1961NYA,AL,CIN,1961CIN,NL,4,1,0,,
67,1962,WS,NYA,1962NYA,AL,SFN,1962SFN,NL,4,3,0,,
68,1963,WS,LAN,1963LAN,NL,NYA,1963NYA,AL,4,0,0,,
69,1964,WS,SLN,1964SLN,NL,NYA,1964NYA,AL,4,3,0,,
70,1965,WS,LAN,1965LAN,NL,MIN,1965MIN,AL,4,3,0,,
71,1966,WS,BAL,1966BAL,AL,LAN,1966LAN,NL,4,0,0,,
72,1967,WS,SLN,1967SLN,NL,BOS,1967BOS,AL,4,3,0,,
73,1968,WS,DET,1968DET,AL,SLN,1968SLN,NL,4,3,0,,
74,1969,ALCS,BAL,1969BAL,AL,MIN,1969MIN,AL,3,0,0,,
75,1969,NLCS,NYN,1969NYN,NL,ATL,1969ATL,NL,3,0,0,,
76,1969,WS,NYN,1969NYN,NL,BAL,1969BAL,AL,4,1,0,,
77,1970,ALCS,BAL,1970BAL,AL,MIN,1970MIN,AL,3,0,0,,
78,1970,NLCS,CIN,1970CIN,NL,PIT,1970PIT,NL,3,0,0,,
79,1970,WS,BAL,1970BAL,AL,CIN,1970CIN,NL,4,1,0,,
80,1971,ALCS,BAL,1971BAL,AL,OAK,1971OAK,AL,3,0,0,,
81,1971,NLCS,PIT,1971PIT,NL,SFN,1971SFN,NL,3,1,0,,
82,1971,WS,PIT,1971PIT,NL,BAL,1971BAL,AL,4,3,0,,
83,1972,ALCS,OAK,1972OAK,AL,DET,1972DET,AL,3,2,0,,
84,1972,NLCS,CIN,1972CIN,NL,PIT,1972PIT,NL,3,2,0,,
85,1972,WS,OAK,1972OAK,AL,CIN,1972CIN,NL,4,3,0,,
86,1973,ALCS,OAK,1973OAK,AL,BAL,1973BAL,AL,3,2,0,,
87,1973,NLCS,NYN,1973NYN,NL,CIN,1973CIN,NL,3,2,0,,
88,1973,WS,OAK,1973OAK,AL,NYN,1973NYN,NL,4,3,0,,
89,1974,ALCS,OAK,1974OAK,AL,BAL,1974BAL,AL,3,1,0,,
90,1974,NLCS,LAN,1974LAN,NL,PIT,1974PIT,NL,3,1,0,,
91,1974,WS,OAK,1974OAK,AL,LAN,1974LAN,NL,4,1,0,,
92,1975,ALCS,BOS,1975BOS,AL,OAK,1975OAK,AL,3,0,0,,
93,1975,NLCS,CIN,1975CIN,NL,PIT,1975PIT,NL,3,0,0,,
94,1975,WS,CIN,1975CIN,NL,BOS,1975BOS,AL,4,3,0,,
95,1976,ALCS,NYA,1976NYA,AL,KCA,1976KCA,AL,3,2,0,,
96,1976,NLCS,CIN,1976CIN,NL,PHI,1976PHI,NL,3,0,0,,
97,1976,WS,CIN,1976CIN,NL,NYA,1976NYA,AL,4,0,0,,
98,1977,ALCS,NYA,1977NYA,AL,KCA,1977KCA,AL,3,2,0,,
99,1977,NLCS,LAN,1977LAN,NL,PHI,1977PHI,NL,3,1,0,,
100,1977,WS,NYA,1977NYA,AL,LAN,1977LAN,NL,4,2,0,,
101,1978,ALCS,NYA,1978NYA,AL,KCA,1978KCA,AL,3,1,0,,
102,1978,NLCS,LAN,1978LAN,NL,PHI,1978PHI,NL,3,1,0,,
103,1978,WS,NYA,1978NYA,AL,LAN,1978LAN,NL,4,2,0,,
104,1979,ALCS,BAL,1979BAL,AL,CAL,1979CAL,AL,3,1,0,,
105,1979,NLCS,PIT,1979PIT,NL,CIN,1979CIN,NL,3,0,0,,
106,1979,WS,PIT,1979PIT,NL,BAL,1979BAL,AL,4,3,0,,
107,1980,ALCS,KCA,1980KCA,AL,NYA,1980NYA,AL,3,0,0,,
108,1980,NLCS,PHI,1980PHI,NL,HOU,1980HOU,NL,3,2,0,,
109,1980,WS,PHI,1980PHI,NL,KCA,1980KCA,AL,4,2,0,,
110,1981,AEDIV,NYA,1981NYA,AL,ML4,1981ML4,AL,3,2,0,,
111,1981,ALCS,NYA,1981NYA,AL,OAK,1981OAK,AL,3,0,0,,
112,1981,AWDIV,OAK,1981OAK,AL,KCA,1981KCA,AL,3,0,0,,
113,1981,NEDIV,MON,1981MON,NL,PHI,1981PHI,NL,3,2,0,,
114,1981,NLCS,LAN,1981LAN,NL,MON,1981MON,NL,3,2,0,,
115,1981,NWDIV,LAN,1981LAN,NL,HOU,1981HOU,NL,3,2,0,,
116,1981,WS,LAN,1981LAN,NL,NYA,1981NYA,AL,4,2,0,,
117,1982,ALCS,ML4,1982ML4,AL,CAL,1982CAL,AL,3,2,0,,
118,1982,NLCS,SLN,1982SLN,NL,ATL,1982ATL,NL,3,0,0,,
119,1982,WS,SLN,1982SLN,NL,ML4,1982ML4,AL,4,3,0,,
120,1983,ALCS,BAL,1983BAL,AL,CHA,1983CHA,AL,3,1,0,,
121,1983,NLCS,PHI,1983PHI,NL,LAN,1983LAN,NL,3,1,0,,
122,1983,WS,BAL,1983BAL,AL,PHI,1983PHI,NL,4,1,0,,
123,1984,ALCS,DET,1984DET,AL,KCA,1984KCA,AL,3,0,0,,
124,1984,NLCS,SDN,1984SDN,NL,CHN,1984CHN,NL,3,2,0,,
125,1984,WS,DET,1984DET,AL,SDN,1984SDN,NL,4,1,0,,
126,1985,ALCS,KCA,1985KCA,AL,TOR,1985TOR,AL,4,3,0,,
127,1985,NLCS,SLN,1985SLN,NL,LAN,1985LAN,NL,4,2,0,,
128,1985,WS,KCA,1985KCA,AL,SLN,1985SLN,NL,4,3,0,,
129,1986,ALCS,BOS,1986BOS,AL,CAL,1986CAL,AL,4,3,0,,
130,1986,NLCS,NYN,1986NYN,NL,HOU,1986HOU,NL,4,2,0,,
131,1986,WS,NYN,1986NYN,NL,BOS,1986BOS,AL,4,3,0,,
132,1987,ALCS,MIN,1987MIN,AL,DET,1987DET,AL,4,1,0,,
133,1987,NLCS,SLN,1987SLN,NL,SFN,1987SFN,NL,4,3,0,,
134,1987,WS,MIN,1987MIN,AL,SLN,1987SLN,NL,4,3,0,,
135,1988,ALCS,OAK,1988OAK,AL,BOS,1988BOS,AL,4,0,0,,
136,1988,NLCS,LAN,1988LAN,NL,NYN,1988NYN,NL,4,3,0,,
137,1988,WS,LAN,1988LAN,NL,OAK,1988OAK,AL,4,1,0,,
138,1989,ALCS,OAK,1989OAK,AL,TOR,1989TOR,AL,4,1,0,,
139,1989,NLCS,SFN,1989SFN,NL,CHN,1989CHN,NL,4,1,0,,
140,1989,WS,OAK,1989OAK,AL,SFN,1989SFN,NL,4,0,0,,
141,1990,ALCS,OAK,1990OAK,AL,BOS,1990BOS,AL,4,0,0,,
142,1990,NLCS,CIN,1990CIN,NL,PIT,1990PIT,NL,4,2,0,,
143,1990,WS,CIN,1990CIN,NL,OAK,1990OAK,AL,4,0,0,,
144,1991,ALCS,MIN,1991MIN,AL,TOR,1991TOR,AL,4,1,0,,
145,1991,NLCS,ATL,1991ATL,NL,PIT,1991PIT,NL,4,3,0,,
146,1991,WS,MIN,1991MIN,AL,ATL,1991ATL,NL,4,3,0,,
147,1992,ALCS,TOR,1992TOR,AL,OAK,1992OAK,AL,4,2,0,,
148,1992,NLCS,ATL,1992ATL,NL,PIT,1992PIT,NL,4,3,0,,
149,1992,WS,TOR,1992TOR,AL,ATL,1992ATL,NL,4,2,0,,
150,1993,ALCS,TOR,1993TOR,AL,CHA,1993CHA,AL,4,2,0,,
151,1993,NLCS,PHI,1993PHI,NL,ATL,1993ATL,NL,4,2,0,,
152,1993,WS,TOR,1993TOR,AL,PHI,1993PHI,NL,4,2,0,,
153,1995,ALCS,CLE,1995CLE,AL,SEA,1995SEA,AL,4,2,0,,
154,1995,ALDS1,CLE,1995CLE,AL,BOS,1995BOS,AL,3,0,0,,
155,1995,ALDS2,SEA,1995SEA,AL,NYA,1995NYA,AL,3,2,0,,
156,1995,NLCS,ATL,1995ATL,NL,CIN,1995CIN,NL,4,0,0,,
157,1995,NLDS1,ATL,1995ATL,NL,COL,1995COL,NL,3,1,0,,
158,1995,NLDS2,CIN,1995CIN,NL,LAN,1995LAN,NL,3,0,0,,
159,1995,WS,ATL,1995ATL,NL,CLE,1995CLE,AL,4,2,0,,
160,1996,ALCS,NYA,1996NYA,AL,BAL,1996BAL,AL,4,1,0,,
161,1996,ALDS1,BAL,1996BAL,AL,CLE,1996CLE,AL,3,1,0,,
162,1996,ALDS2,NYA,1996NYA,AL,TEX,1996TEX,AL,3,1,0,,
163,1996,NLCS,ATL,1996ATL,NL,SLN,1996SLN,NL,4,3,0,,
164,1996,NLDS1,ATL,1996ATL,NL,LAN,1996LAN,NL,3,0,0,,
165,1996,NLDS2,SLN,1996SLN,NL,SDN,1996SDN,NL,3,0,0,,
166,1996,WS,NYA,1996NYA,AL,ATL,1996ATL,NL,4,2,0,,
167,1997,ALCS,CLE,1997CLE,AL,BAL,1997BAL,AL,4,2,0,,
168,1997,ALDS1,CLE,1997CLE,AL,NYA,1997NYA,AL,3,2,0,,
169,1997,ALDS2,BAL,1997BAL,AL,SEA,1997SEA,AL,3,1,0,,
170,1997,NLCS,FLO,1997FLO,NL,ATL,1997ATL,NL,4,2,0,,
171,1997,NLDS1,FLO,1997FLO,NL,SFN,1997SFN,NL,3,0,0,,
172,1997,NLDS2,ATL,1997ATL,NL,HOU,1997HOU,NL,3,0,0,,
173,1997,WS,FLO,1997FLO,NL,CLE,1997CLE,AL,4,3,0,,
174,1998,ALCS,NYA,1998NYA,AL,CLE,1998CLE,AL,4,2,0,,
175,1998,ALDS1,CLE,1998CLE,AL,BOS,1998BOS,AL,3,1,0,,
176,1998,ALDS2,NYA,1998NYA,AL,TEX,1998TEX,AL,3,0,0,,
177,1998,NLCS,SDN,1998SDN,NL,ATL,1998ATL,NL,4,2,0,,
178,1998,NLDS1,ATL,1998ATL,NL,CHN,1998CHN,NL,3,0,0,,
179,1998,NLDS2,SDN,1998SDN,NL,HOU,1998HOU,NL,3,1,0,,
180,1998,WS,NYA,1998NYA,AL,SDN,1998SDN,NL,4,0,0,,
181,1999,ALCS,NYA,1999NYA,AL,BOS,1999BOS,AL,4,1,0,,
182,1999,ALDS1,BOS,1999BOS,AL,CLE,1999CLE,AL,3,2,0,,
183,1999,ALDS2,NYA,1999NYA,AL,TEX,1999TEX,AL,3,0,0,,
184,1999,NLCS,ATL,1999ATL,NL,NYN,1999NYN,NL,4,2,0,,
185,1999,NLDS1,ATL,1999ATL,NL,HOU,1999HOU,NL,3,1,0,,
186,1999,NLDS2,NYN,1999NYN,NL,ARI,1999ARI,NL,3,1,0,,
187,1999,WS,NYA,1999NYA,AL,ATL,1999ATL,NL,4,0,0,,
188,2000,ALCS,NYA,2000NYA,AL,SEA,2000SEA,AL,4,2,0,,
189,2000,ALDS1,NYA,2000NYA,AL,OAK,2000OAK,AL,3,2,0,,
190,2000,ALDS2,SEA,2000SEA,AL,CHA,2000CHA,AL,3,0,0,,
191,2000,NLCS,NYN,2000NYN,NL,SLN,2000SLN,NL,4,1,0,,
192,2000,NLDS1,SLN,2000SLN,NL,ATL,2000ATL,NL,3,0,0,,
193,2000,NLDS2,NYN,2000NYN,NL,SFN,2000SFN,NL,3,1,0,,
194,2000,WS,NYA,2000NYA,AL,NYN,2000NYN,NL,4,1,0,,
195,2001,ALCS,NYA,2001NYA,AL,SEA,2001SEA,AL,4,1,0,,
196,2001,ALDS1,SEA,2001SEA,AL,CLE,2001CLE,AL,3,2,0,,
197,2001,ALDS2,NYA,2001NYA,AL,OAK,2001OAK,AL,3,2,0,,
198,2001,NLCS,ARI,2001ARI,NL,ATL,2001ATL,NL,4,1,0,,
199,2001,NLDS1,ATL,2001ATL,NL,HOU,2001HOU,NL,3,0,0,,
200,2001,NLDS2,ARI,2001ARI,NL,SLN,2001SLN,NL,3,2,0,,
201,2001,WS,ARI,2001ARI,NL,NYA,2001NYA,AL,4,3,0,,
202,2002,ALCS,ANA,2002ANA,AL,MIN,2002MIN,AL,4,1,0,,
203,2002,ALDS1,ANA,2002ANA,AL,NYA,2002NYA,AL,3,1,0,,
204,2002,ALDS2,MIN,2002MIN,AL,OAK,2002OAK,AL,3,2,0,,
205,2002,NLCS,SFN,2002SFN,NL,SLN,2002SLN,NL,4,1,0,,
206,2002,NLDS1,SFN,2002SFN,NL,ATL,2002ATL,NL,3,2,0,,
207,2002,NLDS2,SLN,2002SLN,NL,ARI,2002ARI,NL,3,0,0,,
208,2002,WS,ANA,2002ANA,AL,SFN,2002SFN,NL,4,3,0,,
209,2003,ALCS,NYA,2003NYA,AL,BOS,2003BOS,AL,4,3,0,,
210,2003,ALDS1,NYA,2003NYA,AL,MIN,2003MIN,AL,3,1,0,,
211,2003,ALDS2,BOS,2003BOS,AL,OAK,2003OAK,AL,3,2,0,,
212,2003,NLCS,FLO,2003FLO,NL,CHN,2003CHN,NL,4,3,0,,
213,2003,NLDS1,FLO,2003FLO,NL,SFN,2003SFN,NL,3,1,0,,
214,2003,NLDS2,CHN,2003CHN,NL,ATL,2003ATL,NL,3,2,0,,
215,2003,WS,FLO,2003FLO,NL,NYA,2003NYA,AL,4,2,0,,
216,2004,ALCS,BOS,2004BOS,AL,NYA,2004NYA,AL,4,3,0,,
217,2004,ALDS1,BOS,2004BOS,AL,ANA,2004ANA,AL,3,0,0,,
218,2004,ALDS2,NYA,2004NYA,AL,MIN,2004MIN,AL,3,1,0,,
219,2004,NLCS,SLN,2004SLN,NL,HOU,2004HOU,NL,4,3,0,,
220,2004,NLDS1,SLN,2004SLN,NL,LAN,2004LAN,NL,3,1,0,,
221,2004,NLDS2,HOU,2004HOU,NL,ATL,2004ATL,NL,3,2,0,,
222,2004,WS,BOS,2004BOS,AL,SLN,2004SLN,NL,4,0,0,,
223,2005,ALCS,CHA,2005CHA,AL,LAA,2005LAA,AL,4,1,0,,
224,2005,ALDS1,CHA,2005CHA,AL,BOS,2005BOS,AL,3,0,0,,
225,2005,ALDS2,LAA,2005LAA,AL,NYA,2005NYA,AL,3,2,0,,
226,2005,NLCS,HOU,2005HOU,NL,SLN,2005SLN,NL,4,2,0,,
227,2005,NLDS1,SLN,2005SLN,NL,SDN,2005SDN,NL,3,0,0,,
228,2005,NLDS2,HOU,2005HOU,NL,ATL,2005ATL,NL,3,1,0,,
229,2005,WS,CHA,2005CHA,AL,HOU,2005HOU,NL,4,0,0,,
230,2006,ALCS,DET,2006DET,AL,OAK,2006OAK,AL,4,0,0,,
231,2006,ALDS1,DET,2006DET,AL,NYA,2006NYA,AL,3,1,0,,
232,2006,ALDS2,OAK,2006OAK,AL,MIN,2006MIN,AL,3,0,0,,
233,2006,NLCS,SLN,2006SLN,NL,NYN,2006NYN,NL,4,3,0,,
234,2006,NLDS1,NYN,2006NYN,NL,LAN,2006LAN,NL,3,0,0,,
235,2006,NLDS2,SLN,2006SLN,NL,SDN,2006SDN,NL,3,1,0,,
236,2006,WS,SLN,2006SLN,NL,DET,2006DET,AL,4,1,0,,
237,2007,ALCS,BOS,2007BOS,AL,CLE,2007CLE,AL,4,3,0,,
238,2007,ALDS1,BOS,2007BOS,AL,LAA,2007LAA,AL,3,0,0,,
239,2007,ALDS2,CLE,2007CLE,AL,NYA,2007NYA,AL,3,1,0,,
240,2007,NLCS,COL,2007COL,NL,ARI,2007ARI,NL,4,0,0,,
241,2007,NLDS1,ARI,2007ARI,NL,CHN,2007CHN,NL,3,0,0,,
242,2007,NLDS2,COL,2007COL,NL,PHI,2007PHI,NL,3,0,0,,
243,2007,WS,BOS,2007BOS,AL,COL,2007COL,NL,4,0,0,,
244,2008,ALCS,TBA,2008TBA,AL,BOS,2008BOS,AL,4,3,0,,
245,2008,ALDS1,BOS,2008BOS,AL,LAA,2008LAA,AL,3,1,0,,
246,2008,ALDS2,TBA,2008TBA,AL,CHA,2008CHA,AL,3,1,0,,
247,2008,NLCS,PHI,2008PHI,NL,LAN,2008LAN,NL,4,1,0,,
248,2008,NLDS1,LAN,2008LAN,NL,CHN,2008CHN,NL,3,0,0,,
249,2008,NLDS2,PHI,2008PHI,NL,MIL,2008MIL,NL,3,1,0,,
250,2008,WS,PHI,2008PHI,NL,TBA,2008TBA,AL,4,1,0,,
251,2009,ALCS,NYA,2009NYA,AL,LAA,2009LAA,AL,4,2,0,,
252,2009,ALDS1,NYA,2009NYA,AL,MIN,2009MIN,AL,3,0,0,,
253,2009,ALDS2,LAA,2009LAA,AL,BOS,2009BOS,AL,3,0,0,,
254,2009,NLCS,PHI,2009PHI,NL,LAN,2009LAN,NL,4,1,0,,
255,2009,NLDS1,LAN,2009LAN,NL,SLN,2009SLN,NL,3,0,0,,
256,2009,NLDS2,PHI,2009PHI,NL,COL,2009COL,NL,3,1,0,,
257,2009,WS,NYA,2009NYA,AL,PHI,2009PHI,NL,4,2,0,,
258,2010,ALCS,TEX,2010TEX,AL,NYA,2010NYA,AL,4,2,0,,
259,2010,ALDS1,TEX,2010TEX,AL,TBA,2010TBA,AL,3,2,0,,
260,2010,ALDS2,NYA,2010NYA,AL,MIN,2010MIN,AL,3,0,0,,
261,2010,NLCS,SFN,2010SFN,NL,PHI,2010PHI,NL,4,2,0,,
262,2010,NLDS1,PHI,2010PHI,NL,CIN,2010CIN,NL,3,0,0,,
263,2010,NLDS2,SFN,2010SFN,NL,ATL,2010ATL,NL,3,1,0,,
264,2010,WS,SFN,2010SFN,NL,TEX,2010TEX,AL,4,1,0,,
265,2011,ALCS,TEX,2011TEX,AL,DET,2011DET,AL,4,2,0,,
266,2011,ALDS1,DET,2011DET,AL,NYA,2011NYA,AL,3,2,0,,
267,2011,ALDS2,TEX,2011TEX,AL,TBA,2011TBA,AL,3,1,0,,
268,2011,NLCS,SLN,2011SLN,NL,MIL,2011MIL,NL,4,2,0,,
269,2011,NLDS1,SLN,2011SLN,NL,PHI,2011PHI,NL,3,2,0,,
270,2011,NLDS2,MIL,2011MIL,NL,ARI,2011ARI,NL,3,2,0,,
271,2011,WS,SLN,2011SLN,NL,TEX,2011TEX,AL,4,3,0,,
272,2012,ALWC,BAL,2012BAL,AL,TEX,2012TEX,AL,1,0,0,,
273,2012,ALCS,DET,2012DET,AL,NYA,2012NYA,AL,4,0,0,,
274,2012,ALDS1,NYA,2012NYA,AL,BAL,2012BAL,AL,3,2,0,,
275,2012,ALDS2,DET,2012DET,AL,OAK,2012OAK,AL,3,2,0,,
276,2012,NLWC,SLN,2012SLN,NL,ATL,2012ATL,NL,1,0,0,,
277,2012,NLCS,SFN,2012SFN,NL,SLN,2012SLN,NL,4,3,0,,
278,2012,NLDS1,SLN,2012SLN,NL,WAS,2012WAS,NL,3,2,0,,
279,2012,NLDS2,SFN,2012SFN,NL,CIN,2012CIN,NL,3,2,0,,
280,2012,WS,SFN,2012SFN,NL,DET,2012DET,AL,4,0,0,,
281,2013,ALWC,TBA,2013TBA,AL,CLE,2013CLE,AL,1,0,0,,
282,2013,ALCS,BOS,2013BOS,AL,DET,2013DET,AL,4,2,0,,
283,2013,ALDS1,BOS,2013BOS,AL,TBA,2013TBA,AL,3,1,0,,
284,2013,ALDS2,DET,2013DET,AL,OAK,2013OAK,AL,3,2,0,,
285,2013,NLWC,PIT,2013PIT,NL,CIN,2013CIN,NL,1,0,0,,
286,2013,NLCS,SLN,2013SLN,NL,LAN,2013LAN,NL,4,2,0,,
287,2013,NLDS1,SLN,2013SLN,NL,PIT,2013PIT,NL,3,2,0,,
288,2013,NLDS2,LAN,2013LAN,NL,ATL,2013ATL,NL,3,1,0,,
289,2013,WS,BOS,2013BOS,AL,SLN,2013SLN,NL,4,3,0,,
290,2014,ALWC,KCA,2014KCA,AL,OAK,2014OAK,AL,1,0,0,,
291,2014,ALCS,KCA,2014KCA,AL,BAL,2014BAL,AL,4,0,0,,
292,2014,ALDS1,KCA,2014KCA,AL,LAA,2014LAA,AL,3,0,0,,
293,2014,ALDS2,BAL,2014BAL,AL,DET,2014DET,AL,3,0,0,,
294,2014,NLWC,SFN,2014SFN,NL,PIT,2014PIT,NL,1,0,0,,
295,2014,NLCS,SFN,2014SFN,NL,SLN,2014SLN,NL,4,1,0,,
296,2014,NLDS1,SFN,2014SFN,NL,WAS,2014WAS,NL,3,1,0,,
297,2014,NLDS2,SLN,2014SLN,NL,LAN,2014LAN,NL,3,1,0,,
298,2014,WS,SFN,2014SFN,NL,KCA,2014KCA,AL,4,3,0,,
299,2015,ALWC,HOU,2015HOU,AL,NYA,2015NYA,AL,1,0,0,,
300,2015,ALCS,KCA,2015KCA,AL,TOR,2015TOR,AL,4,2,0,,
301,2015,ALDS1,KCA,2015KCA,AL,HOU,2015HOU,AL,3,2,0,,
302,2015,ALDS2,TOR,2015TOR,AL,TEX,2015TEX,AL,3,2,0,,
303,2015,NLWC,CHN,2015CHN,NL,PIT,2015PIT,NL,1,0,0,,
304,2015,NLCS,NYN,2015NYN,NL,CHN,2015CHN,NL,4,0,0,,
305,2015,NLDS1,CHN,2015CHN,NL,SLN,2015SLN,NL,3,1,0,,
306,2015,NLDS2,NYN,2015NYN,NL,LAN,2015LAN,NL,3,2,0,,
307,2015,WS,KCA,2015KCA,AL,NYN,2015NYN,NL,4,1,0,,
308,2016,ALWC,TOR,2016TOR,AL,BAL,2016BAL,AL,1,0,0,,
309,2016,ALCS,CLE,2016CLE,AL,TOR,2016TOR,AL,4,1,0,,
310,2016,ALDS1,TOR,2016TOR,AL,TEX,2016TEX,AL,3,0,0,,
311,2016,ALDS2,CLE,2016CLE,AL,BOS,2016BOS,AL,3,0,0,,
312,2016,NLWC,SFN,2016SFN,NL,NYN,2016NYN,NL,1,0,0,,
313,2016,NLCS,CHN,2016CHN,NL,LAN,2016LAN,NL,4,2,0,,
314,2016,NLDS1,CHN,2016CHN,NL,SFN,2016SFN,NL,3,1,0,,
315,2016,NLDS2,LAN,2016LAN,NL,WAS,2016WAS,NL,3,2,0,,
316,2016,WS,CHN,2016CHN,NL,CLE,2016CLE,AL,4,3,0,,
317,2017,ALWC,NYA,2017NYA,AL,MIN,2017MIN,AL,1,0,0,,
318,2017,ALCS,HOU,2017HOU,AL,NYA,2017NYA,AL,4,3,0,,
319,2017,ALDS1,NYA,2017NYA,AL,CLE,2017CLE,AL,3,2,0,,
320,2017,ALDS2,HOU,2017HOU,AL,BOS,2017BOS,AL,3,1,0,,
321,2017,NLWC,ARI,2017ARI,NL,COL,2017COL,NL,1,0,0,,
322,2017,NLCS,LAN,2017LAN,NL,CHN,2017CHN,NL,4,1,0,,
323,2017,NLDS1,LAN,2017LAN,NL,ARI,2017ARI,NL,3,0,0,,
324,2017,NLDS2,CHN,2017CHN,NL,WAS,2017WAS,NL,3,2,0,,
325,2017,WS,HOU,2017HOU,AL,LAN,2017LAN,NL,4,3,0,,